Time,Type,Target,Status,Details
2025-05-02 23:40:45,PORT,10.17.246.195,open,"{""port"":139}"
2025-05-02 23:40:45,PORT,10.17.246.195,open,"{""port"":445}"
2025-05-02 23:40:45,PORT,10.17.246.195,open,"{""port"":135}"
2025-05-02 23:40:45,SERVICE,10.17.246.195,identified,"{""domain_name"":""WORKGROUP"",""mac"":""9c:2f:9d:b3:f7:c1"",""port"":139,""server_service"":""JINGREJIN"",""workstation_service"":""JINGREJIN""}"
2025-05-02 23:40:47,PORT,10.17.88.115,open,"{""port"":139}"
2025-05-02 23:40:47,PORT,10.17.88.115,open,"{""port"":445}"
2025-05-02 23:40:47,PORT,10.17.88.115,open,"{""port"":135}"
2025-05-02 23:40:47,PORT,10.17.209.234,open,"{""port"":139}"
2025-05-02 23:40:47,PORT,10.17.209.234,open,"{""port"":445}"
2025-05-02 23:40:47,PORT,10.17.209.234,open,"{""port"":135}"
2025-05-02 23:40:47,PORT,10.17.132.235,open,"{""port"":139}"
2025-05-02 23:40:47,PORT,10.17.132.235,open,"{""port"":445}"
2025-05-02 23:40:47,PORT,10.17.132.235,open,"{""port"":135}"
2025-05-02 23:40:50,PORT,10.17.99.98,open,"{""port"":445}"
2025-05-02 23:40:50,PORT,10.17.99.98,open,"{""port"":139}"
2025-05-02 23:40:50,PORT,10.17.99.98,open,"{""port"":135}"
2025-05-02 23:40:53,PORT,10.17.89.124,open,"{""port"":139}"
2025-05-02 23:40:54,PORT,10.17.89.124,open,"{""port"":135}"
2025-05-02 23:40:54,PORT,10.17.89.124,open,"{""port"":445}"
2025-05-02 23:40:55,PORT,10.17.213.123,open,"{""port"":139}"
2025-05-02 23:40:55,PORT,10.17.213.123,open,"{""port"":445}"
2025-05-02 23:40:55,PORT,10.17.213.123,open,"{""port"":135}"
2025-05-02 23:40:57,SERVICE,10.17.132.235,identified,"{""domain_name"":""WORKGROUP"",""mac"":""c0:35:32:19:75:6d"",""port"":139,""server_service"":""LAPTOP-E17N9Q3I"",""workstation_service"":""LAPTOP-E17N9Q3I""}"
2025-05-02 23:40:57,SERVICE,10.17.99.98,identified,"{""domain_name"":""WORKGROUP"",""mac"":""8e:37:1c:6d:4c:15"",""port"":139,""server_service"":""LAPTOP-KEL3JT14"",""workstation_service"":""LAPTOP-KEL3JT14""}"
2025-05-02 23:40:57,SERVICE,10.17.89.124,identified,"{""domain_name"":""WORKGROUP"",""mac"":""00:e1:8c:c0:dd:2a"",""port"":139,""server_service"":""LAPTOP-2OUR8MQG"",""workstation_service"":""LAPTOP-2OUR8MQG""}"
2025-05-02 23:40:57,SERVICE,10.17.213.123,identified,"{""computer_name"":""LAPTOP-LPMARDEF"",""domain_name"":""LAPTOP-LPMARDEF"",""mac"":""c0:35:32:2f:7d:d3"",""netbios_computer"":""LAPTOP-LPMARDEF"",""netbios_domain"":""LAPTOP-LPMARDEF"",""os_version"":""Windows 10 Home China 26100"",""port"":139,""server_service"":""LAPTOP-LPMARDEF"",""workstation_service"":""LAPTOP-LPMARDEF""}"
2025-05-02 23:40:59,PORT,10.17.213.142,open,"{""port"":139}"
2025-05-02 23:40:59,PORT,10.17.213.142,open,"{""port"":445}"
2025-05-02 23:40:59,PORT,10.17.213.142,open,"{""port"":135}"
2025-05-02 23:41:00,SERVICE,10.17.213.142,identified,"{""domain_name"":""WORKGROUP"",""mac"":""f4:26:79:7c:d8:2d"",""port"":139,""server_service"":""LAPTOP-NOF3H6VO"",""workstation_service"":""LAPTOP-NOF3H6VO""}"
2025-05-02 23:41:03,PORT,10.17.246.8,open,"{""port"":139}"
2025-05-02 23:41:03,PORT,10.17.246.8,open,"{""port"":445}"
2025-05-02 23:41:03,PORT,10.17.246.8,open,"{""port"":135}"
2025-05-02 23:41:03,SERVICE,10.17.246.8,identified,"{""domain_name"":""WORKGROUP"",""mac"":""30:f6:ef:48:06:c0"",""port"":139,""server_service"":""ANMA"",""workstation_service"":""ANMA""}"
2025-05-02 23:41:06,PORT,10.17.204.31,open,"{""port"":445}"
2025-05-02 23:41:09,PORT,10.17.119.78,open,"{""port"":139}"
2025-05-02 23:41:09,PORT,10.17.119.78,open,"{""port"":445}"
2025-05-02 23:41:09,PORT,10.17.119.78,open,"{""port"":135}"
2025-05-02 23:41:09,SERVICE,10.17.119.78,identified,"{""domain_name"":""WORKGROUP"",""mac"":""8c:b8:7e:72:e3:d1"",""port"":139,""server_service"":""FUFU"",""workstation_service"":""FUFU""}"
2025-05-02 23:41:10,PORT,10.17.235.200,open,"{""port"":445}"
2025-05-02 23:41:10,PORT,10.17.235.200,open,"{""port"":139}"
2025-05-02 23:41:10,PORT,10.17.235.200,open,"{""port"":135}"
2025-05-02 23:41:11,SERVICE,10.17.235.200,identified,"{""domain_name"":""WORKGROUP"",""mac"":""ac:19:8e:19:91:b4"",""port"":139,""server_service"":""CSY"",""workstation_service"":""CSY""}"
2025-05-02 23:41:11,PORT,10.17.216.250,open,"{""port"":139}"
2025-05-02 23:41:11,PORT,10.17.216.250,open,"{""port"":445}"
2025-05-02 23:41:11,PORT,10.17.216.250,open,"{""port"":135}"
2025-05-02 23:41:12,PORT,10.17.243.226,open,"{""port"":139}"
2025-05-02 23:41:13,PORT,10.17.243.226,open,"{""port"":445}"
2025-05-02 23:41:13,PORT,10.17.243.226,open,"{""port"":135}"
2025-05-02 23:41:13,SERVICE,10.17.243.226,identified,"{""domain_name"":""WORKGROUP"",""mac"":""e4:60:17:2d:d9:f3"",""port"":139,""server_service"":""LAPTOP-JQT05NEF"",""workstation_service"":""LAPTOP-JQT05NEF""}"
2025-05-02 23:41:18,PORT,10.17.186.74,open,"{""port"":445}"
2025-05-02 23:41:18,PORT,10.17.186.74,open,"{""port"":139}"
2025-05-02 23:41:18,PORT,10.17.186.74,open,"{""port"":135}"
2025-05-02 23:41:19,SERVICE,10.17.186.74,identified,"{""domain_name"":""WORKGROUP"",""mac"":""06:b5:54:58:ba:af"",""port"":139,""server_service"":""LAPTOP-SM3LIOTS"",""workstation_service"":""LAPTOP-SM3LIOTS""}"
2025-05-02 23:41:20,PORT,10.17.203.153,open,"{""port"":139}"
2025-05-02 23:41:20,PORT,10.17.70.131,open,"{""port"":139}"
2025-05-02 23:41:20,PORT,10.17.203.153,open,"{""port"":445}"
2025-05-02 23:41:20,PORT,10.17.70.131,open,"{""port"":445}"
2025-05-02 23:41:20,PORT,10.17.203.153,open,"{""port"":135}"
2025-05-02 23:41:20,PORT,10.17.70.131,open,"{""port"":135}"
2025-05-02 23:41:21,PORT,10.17.202.162,open,"{""port"":445}"
2025-05-02 23:41:21,PORT,10.17.202.162,open,"{""port"":139}"
2025-05-02 23:41:21,PORT,10.17.202.162,open,"{""port"":135}"
2025-05-02 23:41:21,SERVICE,10.17.203.153,identified,"{""domain_name"":""WORKGROUP"",""mac"":""fe:a5:6c:0b:2a:1d"",""port"":139,""server_service"":""LAPTOP-I65EIS9O"",""workstation_service"":""LAPTOP-I65EIS9O""}"
2025-05-02 23:41:21,SERVICE,10.17.70.131,identified,"{""domain_name"":""WORKGROUP"",""mac"":""ec:2e:98:c8:8f:2b"",""port"":139,""server_service"":""A002DESKOP"",""workstation_service"":""A002DESKOP""}"
2025-05-02 23:41:21,SERVICE,10.17.202.162,identified,"{""domain_name"":""WORKGROUP"",""mac"":""f0:77:c3:1c:4b:d4"",""port"":139,""server_service"":""LAPTOP-9JOMRULV"",""workstation_service"":""LAPTOP-9JOMRULV""}"
2025-05-02 23:41:26,PORT,10.17.193.231,open,"{""port"":139}"
2025-05-02 23:41:26,PORT,10.17.26.113,open,"{""port"":139}"
2025-05-02 23:41:26,PORT,10.17.26.113,open,"{""port"":445}"
2025-05-02 23:41:26,PORT,10.17.193.231,open,"{""port"":445}"
2025-05-02 23:41:26,PORT,10.17.193.231,open,"{""port"":135}"
2025-05-02 23:41:26,PORT,10.17.26.113,open,"{""port"":135}"
2025-05-02 23:41:26,PORT,10.17.140.168,open,"{""port"":139}"
2025-05-02 23:41:26,PORT,10.17.140.168,open,"{""port"":445}"
2025-05-02 23:41:26,PORT,10.17.140.168,open,"{""port"":135}"
2025-05-02 23:41:27,SERVICE,10.17.193.231,identified,"{""domain_name"":""WORKGROUP"",""mac"":""d8:f3:bc:7f:f7:c5"",""port"":139,""server_service"":""LAPTOP-BF0EGQCA"",""workstation_service"":""LAPTOP-BF0EGQCA""}"
2025-05-02 23:41:27,SERVICE,10.17.140.168,identified,"{""domain_name"":""WORKGROUP"",""mac"":""04:e8:b9:38:2a:5c"",""port"":139,""server_service"":""LAPTOP-3GCDN1EM"",""workstation_service"":""LAPTOP-3GCDN1EM""}"
2025-05-02 23:41:29,PORT,10.17.116.77,open,"{""port"":445}"
2025-05-02 23:41:29,PORT,10.17.116.77,open,"{""port"":139}"
2025-05-02 23:41:29,PORT,10.17.116.77,open,"{""port"":135}"
2025-05-02 23:41:30,SERVICE,10.17.116.77,identified,"{""domain_name"":""WORKGROUP"",""mac"":""28:c5:d2:0c:46:7b"",""port"":139,""server_service"":""FIREBAT"",""workstation_service"":""FIREBAT""}"
2025-05-02 23:41:32,PORT,10.17.48.211,open,"{""port"":139}"
2025-05-02 23:41:32,PORT,10.17.48.211,open,"{""port"":445}"
2025-05-02 23:41:32,PORT,10.17.48.211,open,"{""port"":135}"
2025-05-02 23:41:33,SERVICE,10.17.48.211,identified,"{""domain_name"":""WORKGROUP"",""mac"":""02:c9:45:24:09:17"",""port"":139,""server_service"":""DX-202409292307"",""workstation_service"":""DX-202409292307""}"
2025-05-02 23:41:35,PORT,10.17.33.19,open,"{""port"":139}"
2025-05-02 23:41:35,PORT,10.17.33.19,open,"{""port"":445}"
2025-05-02 23:41:35,PORT,10.17.33.19,open,"{""port"":135}"
2025-05-02 23:41:35,PORT,10.17.159.16,open,"{""port"":139}"
2025-05-02 23:41:35,PORT,10.17.159.16,open,"{""port"":445}"
2025-05-02 23:41:35,PORT,10.17.159.16,open,"{""port"":135}"
2025-05-02 23:41:37,PORT,10.17.232.13,open,"{""port"":135}"
2025-05-02 23:41:37,PORT,10.17.232.13,open,"{""port"":445}"
2025-05-02 23:41:37,PORT,10.17.232.13,open,"{""port"":139}"
2025-05-02 23:41:41,SERVICE,10.17.232.13,identified,"{""domain_name"":""WORKGROUP"",""mac"":""c0:b5:d7:21:7f:25"",""port"":139,""server_service"":""DESKTOP-ELE64UD"",""workstation_service"":""DESKTOP-ELE64UD""}"
2025-05-03 00:12:05,PORT,10.17.209.234,open,"{""port"":139}"
2025-05-03 00:12:05,PORT,10.17.209.234,open,"{""port"":445}"
2025-05-03 00:12:05,PORT,10.17.129.149,open,"{""port"":139}"
2025-05-03 00:12:05,PORT,10.17.129.149,open,"{""port"":445}"
2025-05-03 00:12:05,PORT,10.17.209.234,open,"{""port"":135}"
2025-05-03 00:12:05,PORT,10.17.129.149,open,"{""port"":135}"
2025-05-03 00:12:05,PORT,10.17.218.189,open,"{""port"":139}"
2025-05-03 00:12:05,PORT,10.17.218.189,open,"{""port"":135}"
2025-05-03 00:12:05,PORT,10.17.218.189,open,"{""port"":445}"
2025-05-03 00:12:05,PORT,10.17.49.146,open,"{""port"":139}"
2025-05-03 00:12:05,PORT,10.17.49.146,open,"{""port"":135}"
2025-05-03 00:12:05,PORT,10.17.49.146,open,"{""port"":445}"
2025-05-03 00:12:05,PORT,10.17.118.161,open,"{""port"":139}"
2025-05-03 00:12:05,PORT,10.17.118.161,open,"{""port"":445}"
2025-05-03 00:12:05,PORT,10.17.118.161,open,"{""port"":135}"
2025-05-03 00:12:08,PORT,10.17.4.135,open,"{""port"":139}"
2025-05-03 00:12:08,PORT,10.17.4.135,open,"{""port"":445}"
2025-05-03 00:12:08,PORT,10.17.4.135,open,"{""port"":135}"
2025-05-03 00:12:10,SERVICE,10.17.129.149,identified,"{""domain_name"":""WORKGROUP"",""mac"":""c8:5e:a9:79:d5:56"",""port"":139,""server_service"":""ZHUOZHUOHUA"",""workstation_service"":""ZHUOZHUOHUA""}"
2025-05-03 00:12:10,SERVICE,10.17.218.189,identified,"{""domain_name"":""WORKGROUP"",""mac"":""bc:f1:71:ac:42:4d"",""port"":139,""server_service"":""DESKTOP-7OSQB4O"",""workstation_service"":""DESKTOP-7OSQB4O""}"
2025-05-03 00:12:10,SERVICE,10.17.49.146,identified,"{""domain_name"":""WORKGROUP"",""mac"":""10:68:38:5a:d7:97"",""port"":139,""server_service"":""FUNNY"",""workstation_service"":""FUNNY""}"
2025-05-03 00:12:11,SERVICE,10.17.4.135,identified,"{""domain_name"":""WORKGROUP"",""mac"":""10:68:38:2e:60:3d"",""port"":139,""server_service"":""LAPTOP-QF5EN6LD"",""workstation_service"":""LAPTOP-QF5EN6LD""}"
2025-05-03 00:12:12,PORT,10.17.179.58,open,"{""port"":139}"
2025-05-03 00:12:12,PORT,10.17.179.58,open,"{""port"":445}"
2025-05-03 00:12:12,PORT,10.17.179.58,open,"{""port"":135}"
2025-05-03 00:12:12,SERVICE,10.17.179.58,identified,"{""domain_name"":""WORKGROUP"",""mac"":""14:5a:fc:03:71:ad"",""port"":139,""server_service"":""LAPTOP-105MF5UN"",""workstation_service"":""LAPTOP-105MF5UN""}"
2025-05-03 00:12:13,PORT,10.17.178.249,open,"{""port"":139}"
2025-05-03 00:12:13,PORT,10.17.244.152,open,"{""port"":139}"
2025-05-03 00:12:13,PORT,10.17.178.249,open,"{""port"":445}"
2025-05-03 00:12:13,PORT,10.17.244.152,open,"{""port"":445}"
2025-05-03 00:12:13,PORT,10.17.244.152,open,"{""port"":135}"
2025-05-03 00:12:13,PORT,10.17.178.249,open,"{""port"":135}"
2025-05-03 00:12:13,SERVICE,10.17.178.249,identified,"{""computer_name"":""LAPTOP-N13474RQ"",""domain_name"":""LAPTOP-N13474RQ"",""mac"":""cc:15:31:8b:d9:e0"",""netbios_computer"":""LAPTOP-N13474RQ"",""netbios_domain"":""LAPTOP-N13474RQ"",""os_version"":""Windows 10 Home China 26100"",""port"":139,""server_service"":""LAPTOP-N13474RQ"",""workstation_service"":""LAPTOP-N13474RQ""}"
2025-05-03 00:12:13,SERVICE,10.17.244.152,identified,"{""domain_name"":""WORKGROUP"",""mac"":""84:7b:57:4d:c9:ac"",""port"":139,""server_service"":""LAPTOP-PT8NABFC"",""workstation_service"":""LAPTOP-PT8NABFC""}"
2025-05-03 00:12:17,PORT,10.17.234.79,open,"{""port"":139}"
2025-05-03 00:12:17,PORT,10.17.234.79,open,"{""port"":445}"
2025-05-03 00:12:17,PORT,10.17.234.79,open,"{""port"":135}"
2025-05-03 00:12:17,PORT,10.17.134.24,open,"{""port"":139}"
2025-05-03 00:12:17,PORT,10.17.134.24,open,"{""port"":445}"
2025-05-03 00:12:17,PORT,10.17.134.24,open,"{""port"":135}"
2025-05-03 00:12:17,SERVICE,10.17.234.79,identified,"{""domain_name"":""WORKGROUP"",""mac"":""c8:cb:9e:06:70:75"",""port"":139,""server_service"":""DESKTOP-1NVGCGK"",""workstation_service"":""DESKTOP-1NVGCGK""}"
2025-05-03 00:12:17,SERVICE,10.17.134.24,identified,"{""domain_name"":""WORKGROUP"",""mac"":""f0:a6:54:c3:b3:2f"",""port"":139,""server_service"":""LAPTOP-VO1GK7GK"",""workstation_service"":""LAPTOP-VO1GK7GK""}"
2025-05-03 00:12:20,PORT,10.17.125.81,open,"{""port"":139}"
2025-05-03 00:12:20,PORT,10.17.125.81,open,"{""port"":445}"
2025-05-03 00:12:20,PORT,10.17.125.81,open,"{""port"":135}"
2025-05-03 00:12:20,SERVICE,10.17.125.81,identified,"{""domain_name"":""WORKGROUP"",""mac"":""f4:a4:75:80:cb:9a"",""port"":139,""server_service"":""DESKTOP-VFKEB1N"",""workstation_service"":""DESKTOP-VFKEB1N""}"
2025-05-03 00:12:21,PORT,10.17.69.33,open,"{""port"":445}"
2025-05-03 00:12:21,PORT,10.17.69.33,open,"{""port"":139}"
2025-05-03 00:12:21,PORT,10.17.69.33,open,"{""port"":135}"
2025-05-03 00:12:21,SERVICE,10.17.69.33,identified,"{""domain_name"":""WORKGROUP"",""mac"":""a8:64:f1:db:85:ad"",""port"":139,""server_service"":""LAPTOP-TD91G3HP"",""workstation_service"":""LAPTOP-TD91G3HP""}"
2025-05-03 00:12:25,PORT,10.17.61.226,open,"{""port"":139}"
2025-05-03 00:12:25,PORT,10.17.61.226,open,"{""port"":445}"
2025-05-03 00:12:25,PORT,10.17.234.125,open,"{""port"":139}"
2025-05-03 00:12:25,PORT,10.17.234.125,open,"{""port"":445}"
2025-05-03 00:12:25,PORT,10.17.61.226,open,"{""port"":135}"
2025-05-03 00:12:25,PORT,10.17.234.125,open,"{""port"":135}"
2025-05-03 00:12:25,SERVICE,10.17.61.226,identified,"{""domain_name"":""WORKGROUP"",""mac"":""d6:29:b9:8d:5f:a4"",""port"":139,""server_service"":""LAPTOP-JTVHBPBE"",""workstation_service"":""LAPTOP-JTVHBPBE""}"
2025-05-03 00:12:26,PORT,10.17.252.28,open,"{""port"":139}"
2025-05-03 00:12:26,PORT,10.17.252.28,open,"{""port"":445}"
2025-05-03 00:12:26,PORT,10.17.252.28,open,"{""port"":135}"
2025-05-03 00:12:26,SERVICE,10.17.252.28,identified,"{""domain_name"":""WORKGROUP"",""mac"":""1c:bf:c0:24:15:6f"",""port"":139,""server_service"":""CMF"",""workstation_service"":""CMF""}"
2025-05-03 00:12:29,PORT,10.17.230.77,open,"{""port"":139}"
2025-05-03 00:12:29,PORT,10.17.230.77,open,"{""port"":445}"
2025-05-03 00:12:29,PORT,10.17.230.77,open,"{""port"":135}"
2025-05-03 00:12:32,PORT,10.17.56.19,open,"{""port"":139}"
2025-05-03 00:12:32,PORT,10.17.56.19,open,"{""port"":445}"
2025-05-03 00:12:32,PORT,10.17.56.19,open,"{""port"":135}"
2025-05-03 00:12:33,SERVICE,10.17.56.19,identified,"{""domain_name"":""WORKGROUP"",""mac"":""e0:d0:45:62:1a:f6"",""port"":139,""server_service"":""CHINAMI-VGIEPR3"",""workstation_service"":""CHINAMI-VGIEPR3""}"
2025-05-03 00:12:38,PORT,10.17.193.136,open,"{""port"":445}"
2025-05-03 00:12:38,PORT,10.17.193.136,open,"{""port"":139}"
2025-05-03 00:12:38,PORT,10.17.193.136,open,"{""port"":135}"
2025-05-03 00:12:38,SERVICE,10.17.193.136,identified,"{""domain_name"":""WORKGROUP"",""mac"":""a0:b3:39:f1:c0:cf"",""port"":139,""server_service"":""SKDG042"",""workstation_service"":""SKDG042""}"
2025-05-03 00:12:40,PORT,10.17.47.22,open,"{""port"":135}"
2025-05-03 00:12:40,PORT,10.17.47.22,open,"{""port"":445}"
2025-05-03 00:12:40,PORT,10.17.47.22,open,"{""port"":139}"
2025-05-03 00:12:40,SERVICE,10.17.47.22,identified,"{""domain_name"":""WORKGROUP"",""mac"":""98:5f:41:54:7e:7d"",""port"":139,""server_service"":""LAPTOP-E2F8U573"",""workstation_service"":""LAPTOP-E2F8U573""}"
2025-05-03 00:12:41,PORT,10.17.186.128,open,"{""port"":139}"
2025-05-03 00:12:41,PORT,10.17.186.128,open,"{""port"":445}"
2025-05-03 00:12:41,PORT,10.17.186.128,open,"{""port"":135}"
2025-05-03 00:12:41,SERVICE,10.17.186.128,identified,"{""domain_name"":""WORKGROUP"",""mac"":""90:78:41:44:38:c9"",""port"":139,""server_service"":""LAPTOP-9MJ8G2HO"",""workstation_service"":""LAPTOP-9MJ8G2HO""}"
2025-05-03 00:12:42,PORT,10.17.20.171,open,"{""port"":139}"
2025-05-03 00:12:42,PORT,10.17.20.171,open,"{""port"":445}"
2025-05-03 00:12:42,PORT,10.17.20.171,open,"{""port"":135}"
2025-05-03 00:12:42,SERVICE,10.17.20.171,identified,"{""domain_name"":""WORKGROUP"",""mac"":""c8:5e:a9:36:df:17"",""port"":139,""server_service"":""WIN-PC"",""workstation_service"":""WIN-PC""}"
2025-05-03 00:12:44,PORT,10.17.22.34,open,"{""port"":139}"
2025-05-03 00:12:44,PORT,10.17.22.34,open,"{""port"":445}"
2025-05-03 00:12:44,PORT,10.17.22.34,open,"{""port"":135}"
2025-05-03 00:12:44,SERVICE,10.17.22.34,identified,"{""domain_name"":""WORKGROUP"",""mac"":""dc:97:ba:1b:08:96"",""port"":139,""server_service"":""DESKTOP-38NJPMQ"",""workstation_service"":""DESKTOP-38NJPMQ""}"
2025-05-03 00:12:45,PORT,10.17.124.52,open,"{""port"":139}"
2025-05-03 00:12:45,PORT,10.17.124.52,open,"{""port"":135}"
2025-05-03 00:12:45,PORT,10.17.124.52,open,"{""port"":445}"
2025-05-03 00:12:45,SERVICE,10.17.124.52,identified,"{""domain_name"":""WORKGROUP"",""mac"":""f8:89:d2:82:9f:df"",""port"":139,""server_service"":""LAPTOP-LRPVJ1Q4"",""workstation_service"":""LAPTOP-LRPVJ1Q4""}"
2025-05-03 00:12:47,PORT,10.17.140.137,open,"{""port"":139}"
2025-05-03 00:12:47,PORT,10.17.53.16,open,"{""port"":445}"
2025-05-03 00:12:47,PORT,10.17.53.16,open,"{""port"":139}"
2025-05-03 00:12:47,PORT,10.17.140.137,open,"{""port"":135}"
2025-05-03 00:12:47,PORT,10.17.140.137,open,"{""port"":445}"
2025-05-03 00:12:47,PORT,10.17.53.16,open,"{""port"":135}"
2025-05-03 00:12:47,SERVICE,10.17.140.137,identified,"{""computer_name"":""Bubble"",""domain_name"":""Bubble"",""mac"":""4c:5f:70:ca:97:34"",""netbios_computer"":""BUBBLE"",""netbios_domain"":""BUBBLE"",""os_version"":""Windows 10 Home China 26100"",""port"":139,""server_service"":""BUBBLE"",""workstation_service"":""BUBBLE""}"
2025-05-03 00:12:47,SERVICE,10.17.53.16,identified,"{""domain_name"":""WORKGROUP"",""mac"":""d0:39:57:9b:0c:d9"",""port"":139,""server_service"":""LAPTOP-8FU0DPAT"",""workstation_service"":""LAPTOP-8FU0DPAT""}"
2025-05-03 00:12:50,PORT,10.17.81.234,open,"{""port"":445}"
2025-05-03 00:12:50,PORT,10.17.81.234,open,"{""port"":135}"
2025-05-03 00:12:50,PORT,10.17.81.234,open,"{""port"":139}"
2025-05-03 00:12:50,SERVICE,10.17.81.234,identified,"{""domain_name"":""WORKGROUP"",""mac"":""74:4c:a1:da:13:c5"",""port"":139,""server_service"":""LAPTOP-EEGD36BV"",""workstation_service"":""LAPTOP-EEGD36BV""}"
2025-05-03 00:12:51,PORT,10.17.119.35,open,"{""port"":139}"
2025-05-03 00:12:51,PORT,10.17.119.35,open,"{""port"":445}"
2025-05-03 00:12:51,PORT,10.17.119.35,open,"{""port"":135}"
2025-05-03 00:12:51,SERVICE,10.17.119.35,identified,"{""domain_name"":""WORKGROUP"",""mac"":""c8:cb:9e:02:f4:4a"",""port"":139,""server_service"":""DESKTOP-SPNEH1H"",""workstation_service"":""DESKTOP-SPNEH1H""}"
2025-05-03 00:12:53,PORT,10.17.72.192,open,"{""port"":139}"
2025-05-03 00:12:53,PORT,10.17.72.192,open,"{""port"":445}"
2025-05-03 00:12:53,PORT,10.17.72.192,open,"{""port"":135}"
2025-05-03 00:12:53,SERVICE,10.17.72.192,identified,"{""domain_name"":""WORKGROUP"",""mac"":""a0:02:a5:b7:e1:c5"",""port"":139,""server_service"":""LAPTOP-229ASK8O"",""workstation_service"":""LAPTOP-229ASK8O""}"
2025-05-03 00:12:55,PORT,10.17.251.105,open,"{""port"":139}"
2025-05-03 00:12:55,PORT,10.17.251.105,open,"{""port"":135}"
2025-05-03 00:12:55,SERVICE,10.17.251.105,identified,"{""domain_name"":""WORKGROUP"",""mac"":""34:7d:f6:ee:83:74"",""port"":139,""server_service"":""LAPTOP-J21OBGLF"",""workstation_service"":""LAPTOP-J21OBGLF""}"
2025-05-03 00:12:56,PORT,10.17.140.168,open,"{""port"":135}"
2025-05-03 00:12:56,PORT,10.17.140.168,open,"{""port"":139}"
2025-05-03 00:12:56,PORT,10.17.140.168,open,"{""port"":445}"
2025-05-03 00:12:56,SERVICE,10.17.140.168,identified,"{""domain_name"":""WORKGROUP"",""mac"":""04:e8:b9:38:2a:5c"",""port"":139,""server_service"":""LAPTOP-3GCDN1EM"",""workstation_service"":""LAPTOP-3GCDN1EM""}"
2025-05-03 00:23:40,PORT,10.17.189.104,open,"{""port"":139}"
2025-05-03 00:23:40,PORT,10.17.113.176,open,"{""port"":135}"
2025-05-03 00:23:40,PORT,10.17.113.176,open,"{""port"":139}"
2025-05-03 00:23:40,PORT,10.17.189.104,open,"{""port"":135}"
2025-05-03 00:23:40,PORT,10.17.189.104,open,"{""port"":445}"
2025-05-03 00:23:40,PORT,10.17.113.176,open,"{""port"":445}"
2025-05-03 00:23:43,PORT,10.17.209.234,open,"{""port"":139}"
2025-05-03 00:23:43,PORT,10.17.209.234,open,"{""port"":445}"
2025-05-03 00:23:43,PORT,10.17.209.234,open,"{""port"":135}"
2025-05-03 00:23:45,SERVICE,10.17.113.176,identified,"{""banner"":""."",""port"":139,""service"":""unknown""}"
2025-05-03 00:23:45,SERVICE,10.17.189.104,identified,"{""banner"":""."",""port"":139,""service"":""unknown""}"
2025-05-03 00:23:45,SERVICE,10.17.113.176,identified,"{""domain_name"":""WORKGROUP"",""mac"":""f4:6a:dd:e2:99:ab"",""port"":139,""server_service"":""LAPTOP-0MGS0MAE"",""workstation_service"":""LAPTOP-0MGS0MAE""}"
2025-05-03 00:23:45,PORT,10.17.52.109,open,"{""port"":139}"
2025-05-03 00:23:45,PORT,10.17.52.109,open,"{""port"":445}"
2025-05-03 00:23:45,PORT,10.17.52.109,open,"{""port"":135}"
2025-05-03 00:23:46,SERVICE,10.17.189.104,identified,"{""domain_name"":""WORKGROUP"",""mac"":""62:4d:2f:95:53:0a"",""port"":139,""server_service"":""TXPC"",""workstation_service"":""TXPC""}"
2025-05-03 00:23:46,SERVICE,10.17.189.104,identified,"{""port"":445,""service"":""unknown""}"
2025-05-03 00:23:46,SERVICE,10.17.113.176,identified,"{""port"":445,""service"":""unknown""}"
2025-05-03 00:23:48,SERVICE,10.17.209.234,identified,"{""banner"":""."",""port"":139,""service"":""unknown""}"
2025-05-03 00:23:48,SERVICE,10.17.209.234,identified,"{""port"":445,""service"":""unknown""}"
2025-05-03 00:23:49,PORT,10.17.48.210,open,"{""port"":445}"
2025-05-03 00:23:49,PORT,10.17.48.210,open,"{""port"":139}"
2025-05-03 00:23:49,PORT,10.17.48.210,open,"{""port"":135}"
2025-05-03 00:23:50,SERVICE,10.17.52.109,identified,"{""banner"":""."",""port"":139,""service"":""unknown""}"
2025-05-03 00:23:51,SERVICE,10.17.52.109,identified,"{""port"":445,""service"":""unknown""}"
2025-05-03 00:23:53,PORT,10.17.172.184,open,"{""port"":139}"
2025-05-03 00:23:53,PORT,10.17.172.184,open,"{""port"":445}"
2025-05-03 00:23:53,PORT,10.17.172.184,open,"{""port"":135}"
2025-05-03 00:23:53,SERVICE,10.17.52.109,identified,"{""domain_name"":""WORKGROUP"",""mac"":""4c:d5:77:b8:1c:75"",""port"":139,""server_service"":""WANGXIAOPAO"",""workstation_service"":""WANGXIAOPAO""}"
2025-05-03 00:23:54,PORT,10.17.20.74,open,"{""port"":139}"
2025-05-03 00:23:54,PORT,10.17.20.74,open,"{""port"":445}"
2025-05-03 00:23:54,PORT,10.17.20.74,open,"{""port"":135}"
2025-05-03 00:23:55,SERVICE,10.17.48.210,identified,"{""banner"":""."",""port"":139,""service"":""unknown""}"
2025-05-03 00:23:55,SERVICE,10.17.48.210,identified,"{""domain_name"":""WORKGROUP"",""mac"":""8c:b8:7e:0e:52:ea"",""port"":139,""server_service"":""LAPTOP-0184RMPG"",""workstation_service"":""LAPTOP-0184RMPG""}"
2025-05-03 00:23:55,SERVICE,10.17.48.210,identified,"{""port"":445,""service"":""unknown""}"
2025-05-03 00:23:58,SERVICE,10.17.172.184,identified,"{""banner"":""."",""port"":139,""service"":""unknown""}"
2025-05-03 00:23:58,SERVICE,10.17.172.184,identified,"{""domain_name"":""WORKGROUP"",""mac"":""50:2f:9b:9a:0e:b6"",""port"":139,""server_service"":""LAPTOP-HLTMFFA4"",""workstation_service"":""LAPTOP-HLTMFFA4""}"
2025-05-03 00:23:58,SERVICE,10.17.172.184,identified,"{""port"":445,""service"":""unknown""}"
2025-05-03 00:24:02,SERVICE,10.17.20.74,identified,"{""banner"":""."",""port"":139,""service"":""unknown""}"
2025-05-03 00:24:02,SERVICE,10.17.20.74,identified,"{""domain_name"":""WORKGROUP"",""mac"":""f0:19:d8:8f:5f:ab"",""port"":139,""server_service"":""WANG"",""workstation_service"":""WANG""}"
2025-05-03 00:24:05,PORT,10.17.19.181,open,"{""port"":139}"
2025-05-03 00:24:05,PORT,10.17.19.181,open,"{""port"":445}"
2025-05-03 00:24:05,PORT,10.17.19.181,open,"{""port"":135}"
2025-05-03 00:24:08,PORT,10.17.47.217,open,"{""port"":445}"
2025-05-03 00:24:08,PORT,10.17.47.217,open,"{""port"":135}"
2025-05-03 00:24:11,SERVICE,10.17.19.181,identified,"{""banner"":""."",""port"":139,""service"":""unknown""}"
2025-05-03 00:24:11,SERVICE,10.17.19.181,identified,"{""domain_name"":""WORKGROUP"",""mac"":""f8:89:d2:83:43:9b"",""port"":139,""server_service"":""LAPTOP-MRTUT1FH"",""workstation_service"":""LAPTOP-MRTUT1FH""}"
2025-05-03 00:24:11,SERVICE,10.17.19.181,identified,"{""port"":445,""service"":""unknown""}"
2025-05-03 00:24:14,SERVICE,10.17.47.217,identified,"{""port"":445,""service"":""unknown""}"
2025-05-03 00:24:17,PORT,10.17.140.137,open,"{""port"":445}"
2025-05-03 00:24:17,PORT,10.17.140.137,open,"{""port"":139}"
2025-05-03 00:24:17,PORT,10.17.140.137,open,"{""port"":135}"
2025-05-03 00:24:19,PORT,10.17.140.168,open,"{""port"":139}"
2025-05-03 00:24:19,PORT,10.17.140.168,open,"{""port"":445}"
2025-05-03 00:24:19,PORT,10.17.140.168,open,"{""port"":135}"
2025-05-03 00:24:20,PORT,10.17.62.212,open,"{""port"":139}"
2025-05-03 00:24:20,PORT,10.17.62.212,open,"{""port"":445}"
2025-05-03 00:24:20,PORT,10.17.62.212,open,"{""port"":135}"
2025-05-03 00:24:20,SERVICE,10.17.20.74,identified,"{""port"":445,""service"":""unknown""}"
2025-05-03 00:24:22,SERVICE,10.17.140.137,identified,"{""banner"":""."",""port"":139,""service"":""unknown""}"
2025-05-03 00:24:22,SERVICE,10.17.140.137,identified,"{""computer_name"":""Bubble"",""domain_name"":""Bubble"",""mac"":""4c:5f:70:ca:97:34"",""netbios_computer"":""BUBBLE"",""netbios_domain"":""BUBBLE"",""os_version"":""Windows 10 Home China 26100"",""port"":139,""server_service"":""BUBBLE"",""workstation_service"":""BUBBLE""}"
2025-05-03 00:24:22,SERVICE,10.17.140.137,identified,"{""port"":445,""service"":""unknown""}"
2025-05-03 00:24:24,SERVICE,10.17.140.168,identified,"{""banner"":""."",""port"":139,""service"":""unknown""}"
2025-05-03 00:24:24,SERVICE,10.17.140.168,identified,"{""domain_name"":""WORKGROUP"",""mac"":""04:e8:b9:38:2a:5c"",""port"":139,""server_service"":""LAPTOP-3GCDN1EM"",""workstation_service"":""LAPTOP-3GCDN1EM""}"
2025-05-03 00:24:25,SERVICE,10.17.140.168,identified,"{""port"":445,""service"":""unknown""}"
2025-05-03 00:24:25,SERVICE,10.17.62.212,identified,"{""banner"":""."",""port"":139,""service"":""unknown""}"
2025-05-03 00:24:26,SERVICE,10.17.62.212,identified,"{""domain_name"":""WORKGROUP"",""mac"":""f4:c8:8a:68:4c:50"",""port"":139,""server_service"":""ADMINISTRATOR"",""workstation_service"":""ADMINISTRATOR""}"
2025-05-03 00:24:26,SERVICE,10.17.62.212,identified,"{""port"":445,""service"":""unknown""}"
2025-05-03 00:24:45,SERVICE,10.17.113.176,identified,"{""port"":135,""service"":""unknown""}"
2025-05-03 00:24:45,SERVICE,10.17.189.104,identified,"{""port"":135,""service"":""unknown""}"
2025-05-03 00:24:48,SERVICE,10.17.209.234,identified,"{""port"":135,""service"":""unknown""}"
2025-05-03 00:24:50,SERVICE,10.17.52.109,identified,"{""port"":135,""service"":""unknown""}"
2025-05-03 00:24:54,SERVICE,10.17.48.210,identified,"{""port"":135,""service"":""unknown""}"
2025-05-03 00:24:58,SERVICE,10.17.172.184,identified,"{""port"":135,""service"":""unknown""}"
2025-05-03 00:24:59,SERVICE,10.17.20.74,identified,"{""port"":135,""service"":""unknown""}"
2025-05-03 00:25:11,SERVICE,10.17.19.181,identified,"{""port"":135,""service"":""unknown""}"
2025-05-03 00:25:13,SERVICE,10.17.47.217,identified,"{""port"":135,""service"":""unknown""}"
2025-05-03 00:25:22,SERVICE,10.17.140.137,identified,"{""port"":135,""service"":""unknown""}"
2025-05-03 00:25:24,SERVICE,10.17.140.168,identified,"{""port"":135,""service"":""unknown""}"
2025-05-03 00:25:25,SERVICE,10.17.62.212,identified,"{""port"":135,""service"":""unknown""}"
